{"map": [[true, true, true, true, true, true, true], [true, false, false, false, false, false, true], [true, true, true, false, true, true, true], [true, true, true, true, true, true, true]], "starts": [[1, 1], [1, 2]], "goals": [[1, 5], [1, 4], [1, 2], [1, 3]], "agent_goals": [[1, 5], [1, 4]], "paths": [[[1, 1], [1, 2], [1, 3], [1, 4], [1, 5]], [[1, 2], [1, 3], [2, 3], [1, 3], [1, 4]]], "predictions": {"0": {"0": [0.11999999999999998, 0.15999999999999998, 0.4799999999999999, 0.23999999999999996], "1": [1.99999780000242e-07, 2.99999670000363e-07, 0.99999890000121, 5.99999340000726e-07], "2": [1.999998000002e-07, 3.999996000004e-07, 3.999996000004e-07, 0.999999000001], "3": [3.999996000004e-07, 0.999999000001, 1.999998000002e-07, 3.999996000004e-07], "4": [0.99999890000121, 5.99999340000726e-07, 1.99999780000242e-07, 2.99999670000363e-07]}, "1": {"0": [1.99999780000242e-07, 2.99999670000363e-07, 0.99999890000121, 5.99999340000726e-07], "1": [1.999998000002e-07, 3.999996000004e-07, 3.999996000004e-07, 0.999999000001], "2": [0.14285714285714288, 0.2142857142857143, 0.2142857142857143, 0.4285714285714286], "3": [1.999998000002e-07, 3.999996000004e-07, 3.999996000004e-07, 0.999999000001], "4": [3.999996000004e-07, 0.999999000001, 1.999998000002e-07, 3.999996000004e-07]}}, "cost": 8}